frame,time_ms,angle_deg,value_pct
0,0.0,151.875,-0.10355029585798817
1,4.166666666666667,151.75,-0.0
2,8.333333333333334,151.75,-0.0
3,12.5,151.75,-0.0
4,16.666666666666668,151.75,-0.0
5,20.833333333333332,151.75,-0.0
6,25.0,151.75,-0.0
7,29.166666666666668,151.75,-0.0
8,33.333333333333336,151.75,-0.0
9,37.5,151.5,0.20710059171597633
10,41.666666666666664,151.5,0.20710059171597633
11,45.83333333333333,151.5,0.20710059171597633
12,50.0,151.25,0.41420118343195267
13,54.16666666666667,150.75,0.8284023668639053
14,58.333333333333336,150.75,0.8284023668639053
15,62.5,149.5,1.863905325443787
16,66.66666666666667,148.5,2.6923076923076925
17,70.83333333333333,147.0,3.93491124260355
18,75.0,145.75,4.970414201183432
19,79.16666666666666,144.25,6.21301775147929
20,83.33333333333333,142.0,8.076923076923077
21,87.5,139.5,10.14792899408284
22,91.66666666666666,138.25,11.183431952662723
23,95.83333333333334,138.0,11.390532544378699
24,100.0,136.25,12.840236686390533
25,104.16666666666667,134.0,14.70414201183432
26,108.33333333333334,131.5,16.775147928994084
27,112.5,129.0,18.846153846153847
28,116.66666666666667,126.5,20.91715976331361
29,120.83333333333333,124.5,22.57396449704142
30,125.0,122.0,24.644970414201183
31,129.16666666666669,119.25,26.923076923076923
32,133.33333333333334,117.25,28.579881656804734
33,137.5,114.75,30.650887573964496
34,141.66666666666666,111.75,33.13609467455621
35,145.83333333333334,109.25,35.20710059171598
36,150.0,105.5,38.31360946745562
37,154.16666666666669,103.0,40.38461538461539
38,158.33333333333331,100.25,42.662721893491124
39,162.5,98.0,44.52662721893491
40,166.66666666666666,96.5,45.76923076923077
41,170.83333333333334,93.25,48.46153846153846
42,175.0,90.25,50.946745562130175
43,179.16666666666666,86.75,53.84615384615385
44,183.33333333333331,84.0,56.124260355029584
45,187.5,81.0,58.6094674556213
46,191.66666666666669,80.5,59.023668639053255
47,195.83333333333334,77.25,61.71597633136095
48,200.0,75.0,63.57988165680474
49,204.16666666666666,73.75,64.61538461538461
50,208.33333333333334,70.5,67.3076923076923
51,212.5,69.0,68.55029585798816
52,216.66666666666669,67.5,69.79289940828403
53,220.83333333333331,64.5,72.27810650887574
54,225.0,63.0,73.52071005917159
55,229.16666666666666,61.25,74.97041420118343
56,233.33333333333334,60.0,76.00591715976331
57,237.5,58.0,77.66272189349112
58,241.66666666666666,56.75,78.69822485207101
59,245.83333333333331,55.5,79.73372781065089
60,250.0,53.5,81.3905325443787
61,254.16666666666666,52.75,82.01183431952663
62,258.33333333333337,51.75,82.84023668639053
63,262.5,50.5,83.87573964497041
64,266.6666666666667,48.5,85.53254437869822
65,270.8333333333333,48.0,85.94674556213018
66,275.0,47.75,86.15384615384616
67,279.1666666666667,47.5,86.36094674556213
68,283.3333333333333,46.5,87.18934911242603
69,287.5,45.75,87.81065088757397
70,291.6666666666667,45.0,88.4319526627219
71,295.8333333333333,45.0,88.4319526627219
72,300.0,45.0,88.4319526627219
73,304.16666666666663,45.0,88.4319526627219
74,308.33333333333337,45.0,88.4319526627219
75,312.5,45.0,88.4319526627219
76,316.66666666666663,45.0,88.4319526627219
77,320.83333333333337,45.0,88.4319526627219
78,325.0,45.0,88.4319526627219
79,329.1666666666667,45.0,88.4319526627219
80,333.3333333333333,45.0,88.4319526627219
81,337.5,45.0,88.4319526627219
82,341.6666666666667,45.0,88.4319526627219
83,345.8333333333333,45.0,88.4319526627219
84,350.0,45.0,88.4319526627219
85,354.1666666666667,45.0,88.4319526627219
86,358.3333333333333,45.0,88.4319526627219
87,362.5,45.0,88.4319526627219
88,366.66666666666663,45.0,88.4319526627219
89,370.83333333333337,45.0,88.4319526627219
90,375.0,45.0,88.4319526627219
91,379.16666666666663,45.0,88.4319526627219
92,383.33333333333337,45.0,88.4319526627219
93,387.5,45.5,88.01775147928994
94,391.6666666666667,46.5,87.18934911242603
95,395.8333333333333,47.75,86.15384615384616
96,400.0,48.0,85.94674556213018
97,404.1666666666667,48.75,85.32544378698225
98,408.3333333333333,48.75,85.32544378698225
99,412.5,49.5,84.70414201183432
100,416.6666666666667,49.75,84.49704142011835
101,420.8333333333333,51.0,83.46153846153847
102,425.0,52.0,82.63313609467455
103,429.16666666666663,53.0,81.80473372781066
104,433.33333333333337,53.75,81.18343195266272
105,437.5,54.0,80.97633136094674
106,441.66666666666663,54.75,80.35502958579882
107,445.83333333333337,56.0,79.31952662721893
108,450.0,56.0,79.31952662721893
109,454.1666666666667,56.25,79.11242603550296
110,458.3333333333333,57.0,78.49112426035504
111,462.5,58.5,77.24852071005917
112,466.6666666666667,59.25,76.62721893491124
113,470.8333333333333,59.5,76.42011834319527
114,475.0,60.25,75.79881656804734
115,479.1666666666667,61.5,74.76331360946746
116,483.3333333333333,61.5,74.76331360946746
117,487.5,62.75,73.72781065088758
118,491.66666666666663,63.0,73.52071005917159
119,495.83333333333337,63.75,72.89940828402366
120,500.0,64.0,72.6923076923077
121,504.16666666666663,64.75,72.07100591715977
122,508.3333333333333,65.25,71.65680473372781
123,512.5,65.75,71.24260355029585
124,516.6666666666667,66.5,70.62130177514793
125,520.8333333333334,67.0,70.20710059171597
126,525.0,67.5,69.79289940828403
127,529.1666666666666,67.5,69.79289940828403
128,533.3333333333334,68.25,69.17159763313609
129,537.5,69.0,68.55029585798816
130,541.6666666666666,69.5,68.13609467455622
131,545.8333333333333,69.75,67.92899408284023
132,550.0,70.25,67.51479289940828
133,554.1666666666667,70.25,67.51479289940828
134,558.3333333333334,70.75,67.10059171597634
135,562.5,71.25,66.68639053254438
136,566.6666666666666,71.5,66.47928994082841
137,570.8333333333333,71.75,66.27218934911242
138,575.0,71.75,66.27218934911242
139,579.1666666666667,72.25,65.85798816568047
140,583.3333333333334,72.25,65.85798816568047
141,587.5,72.25,65.85798816568047
142,591.6666666666666,72.5,65.6508875739645
143,595.8333333333334,72.5,65.6508875739645
144,600.0,73.0,65.23668639053254
145,604.1666666666666,73.0,65.23668639053254
146,608.3333333333333,73.0,65.23668639053254
147,612.5,73.0,65.23668639053254
148,616.6666666666667,73.0,65.23668639053254
149,620.8333333333334,73.0,65.23668639053254
150,625.0,73.5,64.8224852071006
151,629.1666666666666,73.5,64.8224852071006
152,633.3333333333333,73.5,64.8224852071006
153,637.5,73.5,64.8224852071006
154,641.6666666666667,73.0,65.23668639053254
155,645.8333333333334,73.0,65.23668639053254
156,650.0,73.0,65.23668639053254
157,654.1666666666666,73.0,65.23668639053254
158,658.3333333333334,72.5,65.6508875739645
159,662.5,72.5,65.6508875739645
160,666.6666666666666,72.5,65.6508875739645
161,670.8333333333333,72.5,65.6508875739645
162,675.0,72.25,65.85798816568047
163,679.1666666666667,72.5,65.6508875739645
164,683.3333333333334,72.25,65.85798816568047
165,687.5,72.0,66.06508875739645
166,691.6666666666666,72.0,66.06508875739645
167,695.8333333333333,72.0,66.06508875739645
168,700.0,71.75,66.27218934911242
169,704.1666666666667,71.25,66.68639053254438
170,708.3333333333334,71.0,66.89349112426035
171,712.5,71.0,66.89349112426035
172,716.6666666666666,70.5,67.3076923076923
173,720.8333333333334,70.25,67.51479289940828
174,725.0,70.25,67.51479289940828
175,729.1666666666666,70.0,67.72189349112426
176,733.3333333333333,69.75,67.92899408284023
177,737.5,69.75,67.92899408284023
178,741.6666666666667,69.5,68.13609467455622
179,745.8333333333334,69.25,68.34319526627219
180,750.0,69.25,68.34319526627219
181,754.1666666666666,69.25,68.34319526627219
182,758.3333333333333,69.0,68.55029585798816
183,762.5,68.75,68.75739644970415
184,766.6666666666667,68.75,68.75739644970415
185,770.8333333333334,68.0,69.37869822485207
186,775.0,68.0,69.37869822485207
187,779.1666666666666,68.0,69.37869822485207
188,783.3333333333334,67.75,69.58579881656804
189,787.5,67.75,69.58579881656804
190,791.6666666666666,67.5,69.79289940828403
191,795.8333333333333,67.25,70.0
192,800.0,66.75,70.41420118343196
193,804.1666666666667,66.75,70.41420118343196
194,808.3333333333334,67.0,70.20710059171597
195,812.5,67.0,70.20710059171597
196,816.6666666666666,67.0,70.20710059171597
197,820.8333333333333,66.75,70.41420118343196
198,825.0,66.5,70.62130177514793
199,829.1666666666667,66.25,70.82840236686391
200,833.3333333333334,66.25,70.82840236686391
201,837.5,66.0,71.03550295857988
202,841.6666666666666,66.0,71.03550295857988
203,845.8333333333334,66.0,71.03550295857988
204,850.0,66.25,70.82840236686391
205,854.1666666666666,66.25,70.82840236686391
206,858.3333333333333,66.0,71.03550295857988
207,862.5,65.75,71.24260355029585
208,866.6666666666667,66.0,71.03550295857988
209,870.8333333333334,66.0,71.03550295857988
210,875.0,66.0,71.03550295857988
211,879.1666666666666,65.5,71.44970414201184
212,883.3333333333333,65.5,71.44970414201184
213,887.5,65.5,71.44970414201184
214,891.6666666666667,65.5,71.44970414201184
215,895.8333333333334,65.5,71.44970414201184
216,900.0,65.5,71.44970414201184
217,904.1666666666666,65.5,71.44970414201184
218,908.3333333333334,65.5,71.44970414201184
219,912.5,65.5,71.44970414201184
220,916.6666666666666,65.5,71.44970414201184
221,920.8333333333333,65.5,71.44970414201184
222,925.0,65.5,71.44970414201184
223,929.1666666666667,65.5,71.44970414201184
224,933.3333333333334,65.5,71.44970414201184
225,937.5,65.5,71.44970414201184
226,941.6666666666666,65.5,71.44970414201184
227,945.8333333333333,65.5,71.44970414201184
228,950.0,65.5,71.44970414201184
229,954.1666666666667,65.5,71.44970414201184
230,958.3333333333334,65.25,71.65680473372781
231,962.5,65.25,71.65680473372781
232,966.6666666666666,65.25,71.65680473372781
233,970.8333333333334,65.25,71.65680473372781
234,975.0,65.25,71.65680473372781
235,979.1666666666666,65.0,71.86390532544378
236,983.3333333333333,65.0,71.86390532544378
237,987.5,65.0,71.86390532544378
238,991.6666666666667,65.75,71.24260355029585
239,995.8333333333334,65.75,71.24260355029585
240,1000.0,65.5,71.44970414201184
241,1004.1666666666666,65.5,71.44970414201184
242,1008.3333333333333,65.5,71.44970414201184
243,1012.5,65.75,71.24260355029585
244,1016.6666666666666,65.75,71.24260355029585
245,1020.8333333333333,65.75,71.24260355029585
246,1025.0,65.75,71.24260355029585
247,1029.1666666666665,65.75,71.24260355029585
248,1033.3333333333335,65.75,71.24260355029585
249,1037.5,65.75,71.24260355029585
250,1041.6666666666667,65.75,71.24260355029585
251,1045.8333333333335,65.75,71.24260355029585
252,1050.0,65.75,71.24260355029585
253,1054.1666666666667,66.0,71.03550295857988
254,1058.3333333333333,66.0,71.03550295857988
255,1062.5,66.0,71.03550295857988
256,1066.6666666666667,66.0,71.03550295857988
257,1070.8333333333333,66.0,71.03550295857988
258,1075.0,66.0,71.03550295857988
259,1079.1666666666665,66.0,71.03550295857988
260,1083.3333333333333,66.0,71.03550295857988
261,1087.5,66.0,71.03550295857988
262,1091.6666666666665,66.0,71.03550295857988
263,1095.8333333333335,66.0,71.03550295857988
264,1100.0,66.5,70.62130177514793
265,1104.1666666666667,66.5,70.62130177514793
266,1108.3333333333335,66.5,70.62130177514793
267,1112.5,66.5,70.62130177514793
268,1116.6666666666667,66.5,70.62130177514793
269,1120.8333333333333,66.5,70.62130177514793
270,1125.0,66.5,70.62130177514793
271,1129.1666666666667,66.5,70.62130177514793
272,1133.3333333333333,66.5,70.62130177514793
273,1137.5,66.75,70.41420118343196
274,1141.6666666666665,67.0,70.20710059171597
275,1145.8333333333333,67.0,70.20710059171597
276,1150.0,67.0,70.20710059171597
277,1154.1666666666665,67.0,70.20710059171597
278,1158.3333333333335,67.25,70.0
279,1162.5,67.25,70.0
280,1166.6666666666667,66.75,70.41420118343196
281,1170.8333333333335,66.75,70.41420118343196
282,1175.0,67.25,70.0
283,1179.1666666666667,67.25,70.0
284,1183.3333333333333,67.25,70.0
285,1187.5,67.25,70.0
286,1191.6666666666667,67.0,70.20710059171597
287,1195.8333333333333,67.0,70.20710059171597
288,1200.0,67.0,70.20710059171597
289,1204.1666666666665,67.0,70.20710059171597
290,1208.3333333333333,67.0,70.20710059171597
291,1212.5,67.25,70.0
292,1216.6666666666665,67.25,70.0
293,1220.8333333333335,67.75,69.58579881656804
294,1225.0,67.75,69.58579881656804
295,1229.1666666666667,67.75,69.58579881656804
296,1233.3333333333335,67.75,69.58579881656804
297,1237.5,67.75,69.58579881656804
298,1241.6666666666667,67.75,69.58579881656804
299,1245.8333333333333,67.75,69.58579881656804
300,1250.0,67.75,69.58579881656804
301,1254.1666666666667,67.75,69.58579881656804
302,1258.3333333333333,67.75,69.58579881656804
